activity_comment,activity_id,activity_properties,assay_chembl_id,assay_description,assay_type,assay_variant_accession,assay_variant_mutation,bao_endpoint,bao_format,bao_label,canonical_smiles,data_validity_comment,data_validity_description,document_chembl_id,document_journal,document_year,ligand_efficiency,molecule_chembl_id,molecule_pref_name,parent_molecule_chembl_id,pchembl_value,potential_duplicate,qudt_units,record_id,relation,src_id,standard_flag,standard_relation,standard_text_value,standard_type,standard_units,standard_upper_value,standard_value,target_chembl_id,target_organism,target_pref_name,target_tax_id,text_value,toid,type,units,uo_units,upper_value,value
,18753172,[],CHEMBL4264733,Inhibition of wild type Influenza A virus (A/chicken/Hubei/327/2004(H5N1)) M2 channel expressed in yeast after 46 to 48 hrs by yeast growth restoration assay,B,,,BAO_0000188,BAO_0000019,assay format,N#CCCN(Cc1cccs1)S(=O)(=O)c1ccccc1F,,,CHEMBL4261607,Eur J Med Chem,2018,"{'bei': '17.07', 'le': '0.36', 'lle': '2.55', 'sei': '9.05'}",CHEMBL4287824,,CHEMBL4287824,5.54,False,http://www.openphacts.org/units/Nanomolar,3115886,=,1,True,=,,EC50,nM,,2900.0,CHEMBL2052,Influenza A virus (A/Udorn/307/1972(H3N2)),Influenza virus A matrix protein M2,381517,,,EC50,uM,UO_0000065,,2.9
,18753173,[],CHEMBL4264733,Inhibition of wild type Influenza A virus (A/chicken/Hubei/327/2004(H5N1)) M2 channel expressed in yeast after 46 to 48 hrs by yeast growth restoration assay,B,,,BAO_0000188,BAO_0000019,assay format,N#CCCN(Cc1cccs1)S(=O)(=O)c1cccc(F)c1,,,CHEMBL4261607,Eur J Med Chem,2018,"{'bei': '20.95', 'le': '0.44', 'lle': '3.81', 'sei': '11.11'}",CHEMBL4277167,,CHEMBL4277167,6.80,False,http://www.openphacts.org/units/Nanomolar,3115887,=,1,True,=,,EC50,nM,,160.0,CHEMBL2052,Influenza A virus (A/Udorn/307/1972(H3N2)),Influenza virus A matrix protein M2,381517,,,EC50,uM,UO_0000065,,0.16
,18753174,[],CHEMBL4264733,Inhibition of wild type Influenza A virus (A/chicken/Hubei/327/2004(H5N1)) M2 channel expressed in yeast after 46 to 48 hrs by yeast growth restoration assay,B,,,BAO_0000188,BAO_0000019,assay format,N#CCCN(Cc1cccs1)S(=O)(=O)c1ccc(F)cc1,,,CHEMBL4261607,Eur J Med Chem,2018,"{'bei': '21.13', 'le': '0.45', 'lle': '3.86', 'sei': '11.20'}",CHEMBL4284419,,CHEMBL4284419,6.85,False,http://www.openphacts.org/units/Nanomolar,3115888,=,1,True,=,,EC50,nM,,140.0,CHEMBL2052,Influenza A virus (A/Udorn/307/1972(H3N2)),Influenza virus A matrix protein M2,381517,,,EC50,uM,UO_0000065,,0.14
,18753175,[],CHEMBL4264733,Inhibition of wild type Influenza A virus (A/chicken/Hubei/327/2004(H5N1)) M2 channel expressed in yeast after 46 to 48 hrs by yeast growth restoration assay,B,,,BAO_0000188,BAO_0000019,assay format,N#CCCN(Cc1cccs1)S(=O)(=O)c1ccc(Cl)cc1,,,CHEMBL4261607,Eur J Med Chem,2018,"{'bei': '18.11', 'le': '0.40', 'lle': '2.66', 'sei': '10.09'}",CHEMBL4292316,,CHEMBL4292316,6.17,False,http://www.openphacts.org/units/Nanomolar,3115889,=,1,True,=,,EC50,nM,,670.0,CHEMBL2052,Influenza A virus (A/Udorn/307/1972(H3N2)),Influenza virus A matrix protein M2,381517,,,EC50,uM,UO_0000065,,0.67
,18753176,[],CHEMBL4264733,Inhibition of wild type Influenza A virus (A/chicken/Hubei/327/2004(H5N1)) M2 channel expressed in yeast after 46 to 48 hrs by yeast growth restoration assay,B,,,BAO_0000188,BAO_0000019,assay format,N#CCCN(Cc1cccs1)S(=O)(=O)c1ccc(Br)cc1,,,CHEMBL4261607,Eur J Med Chem,2018,"{'bei': '16.55', 'le': '0.41', 'lle': '2.76', 'sei': '10.42'}",CHEMBL4294990,,CHEMBL4294990,6.38,False,http://www.openphacts.org/units/Nanomolar,3115890,=,1,True,=,,EC50,nM,,420.0,CHEMBL2052,Influenza A virus (A/Udorn/307/1972(H3N2)),Influenza virus A matrix protein M2,381517,,,EC50,uM,UO_0000065,,0.42
,18753177,[],CHEMBL4264733,Inhibition of wild type Influenza A virus (A/chicken/Hubei/327/2004(H5N1)) M2 channel expressed in yeast after 46 to 48 hrs by yeast growth restoration assay,B,,,BAO_0000188,BAO_0000019,assay format,Cc1ccc(S(=O)(=O)N(CCC#N)Cc2cccs2)cc1,,,CHEMBL4261607,Eur J Med Chem,2018,"{'bei': '19.51', 'le': '0.41', 'lle': '3.09', 'sei': '10.22'}",CHEMBL4286741,,CHEMBL4286741,6.25,False,http://www.openphacts.org/units/Nanomolar,3115891,=,1,True,=,,EC50,nM,,560.0,CHEMBL2052,Influenza A virus (A/Udorn/307/1972(H3N2)),Influenza virus A matrix protein M2,381517,,,EC50,uM,UO_0000065,,0.56
,18753178,[],CHEMBL4264733,Inhibition of wild type Influenza A virus (A/chicken/Hubei/327/2004(H5N1)) M2 channel expressed in yeast after 46 to 48 hrs by yeast growth restoration assay,B,,,BAO_0000188,BAO_0000019,assay format,COc1ccc(S(=O)(=O)N(CCC#N)Cc2cccs2)cc1,,,CHEMBL4261607,Eur J Med Chem,2018,"{'bei': '15.19', 'le': '0.32', 'lle': '2.25', 'sei': '7.26'}",CHEMBL4285916,,CHEMBL4285916,5.11,False,http://www.openphacts.org/units/Nanomolar,3115892,=,1,True,=,,EC50,nM,,7730.0,CHEMBL2052,Influenza A virus (A/Udorn/307/1972(H3N2)),Influenza virus A matrix protein M2,381517,,,EC50,uM,UO_0000065,,7.73
,18753179,[],CHEMBL4264733,Inhibition of wild type Influenza A virus (A/chicken/Hubei/327/2004(H5N1)) M2 channel expressed in yeast after 46 to 48 hrs by yeast growth restoration assay,B,,,BAO_0000188,BAO_0000019,assay format,N#CCCN(Cc1cccs1)S(=O)(=O)c1ccc(C#N)cc1,,,CHEMBL4261607,Eur J Med Chem,2018,"{'bei': '24.43', 'le': '0.50', 'lle': '5.38', 'sei': '9.53'}",CHEMBL4277990,,CHEMBL4277990,8.10,False,http://www.openphacts.org/units/Nanomolar,3115893,=,1,True,=,,EC50,nM,,8.0,CHEMBL2052,Influenza A virus (A/Udorn/307/1972(H3N2)),Influenza virus A matrix protein M2,381517,,,EC50,uM,UO_0000065,,0.008
,18753180,[],CHEMBL4264733,Inhibition of wild type Influenza A virus (A/chicken/Hubei/327/2004(H5N1)) M2 channel expressed in yeast after 46 to 48 hrs by yeast growth restoration assay,B,,,BAO_0000188,BAO_0000019,assay format,N#CCCN(Cc1cccs1)S(=O)(=O)c1ccc(C(F)(F)F)cc1,,,CHEMBL4261607,Eur J Med Chem,2018,"{'bei': '13.73', 'le': '0.29', 'lle': '1.27', 'sei': '8.41'}",CHEMBL4282531,,CHEMBL4282531,5.14,False,http://www.openphacts.org/units/Nanomolar,3115894,=,1,True,=,,EC50,nM,,7210.0,CHEMBL2052,Influenza A virus (A/Udorn/307/1972(H3N2)),Influenza virus A matrix protein M2,381517,,,EC50,uM,UO_0000065,,7.21
,18753181,[],CHEMBL4264733,Inhibition of wild type Influenza A virus (A/chicken/Hubei/327/2004(H5N1)) M2 channel expressed in yeast after 46 to 48 hrs by yeast growth restoration assay,B,,,BAO_0000188,BAO_0000019,assay format,N#CCCN(Cc1cccs1)S(=O)(=O)c1ccc([N+](=O)[O-])cc1,,,CHEMBL4261607,Eur J Med Chem,2018,"{'bei': '14.16', 'le': '0.30', 'lle': '2.22', 'sei': '4.77'}",CHEMBL4293132,,CHEMBL4293132,4.98,False,http://www.openphacts.org/units/Nanomolar,3115895,=,1,True,=,,EC50,nM,,10530.0,CHEMBL2052,Influenza A virus (A/Udorn/307/1972(H3N2)),Influenza virus A matrix protein M2,381517,,,EC50,uM,UO_0000065,,10.53
,18753182,[],CHEMBL4264733,Inhibition of wild type Influenza A virus (A/chicken/Hubei/327/2004(H5N1)) M2 channel expressed in yeast after 46 to 48 hrs by yeast growth restoration assay,B,,,BAO_0000188,BAO_0000019,assay format,CC(=O)c1ccc(S(=O)(=O)N(CCC#N)Cc2cccs2)cc1,,,CHEMBL4261607,Eur J Med Chem,2018,"{'bei': '12.62', 'le': '0.26', 'lle': '1.34', 'sei': '5.62'}",CHEMBL4292737,,CHEMBL4292737,4.40,False,http://www.openphacts.org/units/Nanomolar,3115896,=,1,True,=,,EC50,nM,,40180.0,CHEMBL2052,Influenza A virus (A/Udorn/307/1972(H3N2)),Influenza virus A matrix protein M2,381517,,,EC50,uM,UO_0000065,,40.18
,18753183,[],CHEMBL4264733,Inhibition of wild type Influenza A virus (A/chicken/Hubei/327/2004(H5N1)) M2 channel expressed in yeast after 46 to 48 hrs by yeast growth restoration assay,B,,,BAO_0000188,BAO_0000019,assay format,N#CCCN(Cc1cccs1)S(=O)(=O)c1ccc(N)cc1,,,CHEMBL4261607,Eur J Med Chem,2018,"{'bei': '16.00', 'le': '0.33', 'lle': '2.71', 'sei': '5.90'}",CHEMBL4284865,,CHEMBL4284865,5.14,False,http://www.openphacts.org/units/Nanomolar,3115897,=,1,True,=,,EC50,nM,,7210.0,CHEMBL2052,Influenza A virus (A/Udorn/307/1972(H3N2)),Influenza virus A matrix protein M2,381517,,,EC50,uM,UO_0000065,,7.21
,18753184,[],CHEMBL4264733,Inhibition of wild type Influenza A virus (A/chicken/Hubei/327/2004(H5N1)) M2 channel expressed in yeast after 46 to 48 hrs by yeast growth restoration assay,B,,,BAO_0000188,BAO_0000019,assay format,O=S(=O)(c1ccc(Br)cc1)N(Cc1cccs1)Cc1cccs1,,,CHEMBL4261607,Eur J Med Chem,2018,"{'bei': '12.61', 'le': '0.32', 'lle': '0.44', 'sei': '14.45'}",CHEMBL4289324,,CHEMBL4289324,5.40,False,http://www.openphacts.org/units/Nanomolar,3115898,=,1,True,=,,EC50,nM,,3970.0,CHEMBL2052,Influenza A virus (A/Udorn/307/1972(H3N2)),Influenza virus A matrix protein M2,381517,,,EC50,uM,UO_0000065,,3.97
,18753185,[],CHEMBL4264733,Inhibition of wild type Influenza A virus (A/chicken/Hubei/327/2004(H5N1)) M2 channel expressed in yeast after 46 to 48 hrs by yeast growth restoration assay,B,,,BAO_0000188,BAO_0000019,assay format,CCCN(Cc1cccs1)S(=O)(=O)c1ccc(Br)cc1,,,CHEMBL4261607,Eur J Med Chem,2018,"{'bei': '17.18', 'le': '0.44', 'lle': '2.32', 'sei': '17.21'}",CHEMBL4281445,,CHEMBL4281445,6.43,False,http://www.openphacts.org/units/Nanomolar,3115899,=,1,True,=,,EC50,nM,,370.0,CHEMBL2052,Influenza A virus (A/Udorn/307/1972(H3N2)),Influenza virus A matrix protein M2,381517,,,EC50,uM,UO_0000065,,0.37
,18753186,[],CHEMBL4264733,Inhibition of wild type Influenza A virus (A/chicken/Hubei/327/2004(H5N1)) M2 channel expressed in yeast after 46 to 48 hrs by yeast growth restoration assay,B,,,BAO_0000188,BAO_0000019,assay format,CCOC(=O)CCN(Cc1cccs1)S(=O)(=O)c1ccc(Br)cc1,,,CHEMBL4261607,Eur J Med Chem,2018,"{'bei': '12.63', 'le': '0.31', 'lle': '1.81', 'sei': '8.57'}",CHEMBL4281038,,CHEMBL4281038,5.46,False,http://www.openphacts.org/units/Nanomolar,3115900,=,1,True,=,,EC50,nM,,3470.0,CHEMBL2052,Influenza A virus (A/Udorn/307/1972(H3N2)),Influenza virus A matrix protein M2,381517,,,EC50,uM,UO_0000065,,3.47
,18753187,[],CHEMBL4264733,Inhibition of wild type Influenza A virus (A/chicken/Hubei/327/2004(H5N1)) M2 channel expressed in yeast after 46 to 48 hrs by yeast growth restoration assay,B,,,BAO_0000188,BAO_0000019,assay format,O=C(O)CCN(Cc1cccs1)S(=O)(=O)c1ccc(Br)cc1,Outside typical range,"Values for this activity type are unusually large/small, so may not be accurate",CHEMBL4261607,Eur J Med Chem,2018,,CHEMBL4291678,,CHEMBL4291678,,False,http://www.openphacts.org/units/Nanomolar,3115901,=,1,True,=,,EC50,nM,,106360.0,CHEMBL2052,Influenza A virus (A/Udorn/307/1972(H3N2)),Influenza virus A matrix protein M2,381517,,,EC50,uM,UO_0000065,,106.36
,18753188,[],CHEMBL4264733,Inhibition of wild type Influenza A virus (A/chicken/Hubei/327/2004(H5N1)) M2 channel expressed in yeast after 46 to 48 hrs by yeast growth restoration assay,B,,,BAO_0000188,BAO_0000019,assay format,N#CCCN(Cc1ccco1)S(=O)(=O)c1ccc(F)cc1,,,CHEMBL4261607,Eur J Med Chem,2018,"{'bei': '20.30', 'le': '0.41', 'lle': '3.74', 'sei': '8.42'}",CHEMBL4290438,,CHEMBL4290438,6.26,False,http://www.openphacts.org/units/Nanomolar,3115902,=,1,True,=,,EC50,nM,,550.0,CHEMBL2052,Influenza A virus (A/Udorn/307/1972(H3N2)),Influenza virus A matrix protein M2,381517,,,EC50,uM,UO_0000065,10.63,0.55
,18753189,[],CHEMBL4264733,Inhibition of wild type Influenza A virus (A/chicken/Hubei/327/2004(H5N1)) M2 channel expressed in yeast after 46 to 48 hrs by yeast growth restoration assay,B,,,BAO_0000188,BAO_0000019,assay format,N#CCCN(Cc1ccco1)S(=O)(=O)c1ccc(Cl)cc1,,,CHEMBL4261607,Eur J Med Chem,2018,"{'bei': '18.82', 'le': '0.40', 'lle': '3.07', 'sei': '8.23'}",CHEMBL4279786,,CHEMBL4279786,6.11,False,http://www.openphacts.org/units/Nanomolar,3115903,=,1,True,=,,EC50,nM,,770.0,CHEMBL2052,Influenza A virus (A/Udorn/307/1972(H3N2)),Influenza virus A matrix protein M2,381517,,,EC50,uM,UO_0000065,,0.77
,18753190,[],CHEMBL4264733,Inhibition of wild type Influenza A virus (A/chicken/Hubei/327/2004(H5N1)) M2 channel expressed in yeast after 46 to 48 hrs by yeast growth restoration assay,B,,,BAO_0000188,BAO_0000019,assay format,N#CCCN(Cc1ccco1)S(=O)(=O)c1ccc(Br)cc1,,,CHEMBL4261607,Eur J Med Chem,2018,"{'bei': '13.39', 'le': '0.32', 'lle': '1.79', 'sei': '6.65'}",CHEMBL4293843,,CHEMBL4293843,4.94,False,http://www.openphacts.org/units/Nanomolar,3115904,=,1,True,=,,EC50,nM,,11370.0,CHEMBL2052,Influenza A virus (A/Udorn/307/1972(H3N2)),Influenza virus A matrix protein M2,381517,,,EC50,uM,UO_0000065,,11.37
,18753191,[],CHEMBL4264733,Inhibition of wild type Influenza A virus (A/chicken/Hubei/327/2004(H5N1)) M2 channel expressed in yeast after 46 to 48 hrs by yeast growth restoration assay,B,,,BAO_0000188,BAO_0000019,assay format,Cc1ccc(S(=O)(=O)N(CCC#N)Cc2ccco2)cc1,,,CHEMBL4261607,Eur J Med Chem,2018,"{'bei': '21.06', 'le': '0.42', 'lle': '3.72', 'sei': '8.62'}",CHEMBL4283250,,CHEMBL4283250,6.41,False,http://www.openphacts.org/units/Nanomolar,3115905,=,1,True,=,,EC50,nM,,390.0,CHEMBL2052,Influenza A virus (A/Udorn/307/1972(H3N2)),Influenza virus A matrix protein M2,381517,,,EC50,uM,UO_0000065,,0.39
,18753192,[],CHEMBL4264733,Inhibition of wild type Influenza A virus (A/chicken/Hubei/327/2004(H5N1)) M2 channel expressed in yeast after 46 to 48 hrs by yeast growth restoration assay,B,,,BAO_0000188,BAO_0000019,assay format,COc1ccc(S(=O)(=O)N(CCC#N)Cc2ccco2)cc1,,,CHEMBL4261607,Eur J Med Chem,2018,"{'bei': '14.59', 'le': '0.29', 'lle': '2.28', 'sei': '5.59'}",CHEMBL4283674,,CHEMBL4283674,4.67,False,http://www.openphacts.org/units/Nanomolar,3115906,=,1,True,=,,EC50,nM,,21230.0,CHEMBL2052,Influenza A virus (A/Udorn/307/1972(H3N2)),Influenza virus A matrix protein M2,381517,,,EC50,uM,UO_0000065,,21.23
,18753193,[],CHEMBL4264733,Inhibition of wild type Influenza A virus (A/chicken/Hubei/327/2004(H5N1)) M2 channel expressed in yeast after 46 to 48 hrs by yeast growth restoration assay,B,,,BAO_0000188,BAO_0000019,assay format,N#CCCN(Cc1ccco1)S(=O)(=O)c1ccc(C#N)cc1,,,CHEMBL4261607,Eur J Med Chem,2018,"{'bei': '20.60', 'le': '0.40', 'lle': '4.23', 'sei': '6.62'}",CHEMBL4291537,,CHEMBL4291537,6.50,False,http://www.openphacts.org/units/Nanomolar,3115907,=,1,True,=,,EC50,nM,,320.0,CHEMBL2052,Influenza A virus (A/Udorn/307/1972(H3N2)),Influenza virus A matrix protein M2,381517,,,EC50,uM,UO_0000065,,0.32
,18753194,[],CHEMBL4264733,Inhibition of wild type Influenza A virus (A/chicken/Hubei/327/2004(H5N1)) M2 channel expressed in yeast after 46 to 48 hrs by yeast growth restoration assay,B,,,BAO_0000188,BAO_0000019,assay format,N#CCCN(Cc1ccco1)S(=O)(=O)c1ccc(C(F)(F)F)cc1,,,CHEMBL4261607,Eur J Med Chem,2018,"{'bei': '11.34', 'le': '0.23', 'lle': '0.66', 'sei': '5.47'}",CHEMBL4287026,,CHEMBL4287026,4.06,False,http://www.openphacts.org/units/Nanomolar,3115908,=,1,True,=,,EC50,nM,,86510.0,CHEMBL2052,Influenza A virus (A/Udorn/307/1972(H3N2)),Influenza virus A matrix protein M2,381517,,,EC50,uM,UO_0000065,,86.51
,18753195,[],CHEMBL4264733,Inhibition of wild type Influenza A virus (A/chicken/Hubei/327/2004(H5N1)) M2 channel expressed in yeast after 46 to 48 hrs by yeast growth restoration assay,B,,,BAO_0000188,BAO_0000019,assay format,Cc1cccc(S(=O)(=O)N(CCC#N)Cc2ccco2)c1,,,CHEMBL4261607,Eur J Med Chem,2018,"{'bei': '16.89', 'le': '0.33', 'lle': '2.45', 'sei': '6.92'}",CHEMBL4294934,,CHEMBL4294934,5.14,False,http://www.openphacts.org/units/Nanomolar,3115909,=,1,True,=,,EC50,nM,,7230.0,CHEMBL2052,Influenza A virus (A/Udorn/307/1972(H3N2)),Influenza virus A matrix protein M2,381517,,,EC50,uM,UO_0000065,,7.23
,18753196,[],CHEMBL4264733,Inhibition of wild type Influenza A virus (A/chicken/Hubei/327/2004(H5N1)) M2 channel expressed in yeast after 46 to 48 hrs by yeast growth restoration assay,B,,,BAO_0000188,BAO_0000019,assay format,N#CCCN(Cc1ccccc1)S(=O)(=O)c1ccc(F)cc1,,,CHEMBL4261607,Eur J Med Chem,2018,"{'bei': '19.97', 'le': '0.39', 'lle': '3.43', 'sei': '10.39'}",CHEMBL4293428,,CHEMBL4293428,6.36,False,http://www.openphacts.org/units/Nanomolar,3115910,=,1,True,=,,EC50,nM,,440.0,CHEMBL2052,Influenza A virus (A/Udorn/307/1972(H3N2)),Influenza virus A matrix protein M2,381517,,,EC50,uM,UO_0000065,,0.44
,18753197,[],CHEMBL4264733,Inhibition of wild type Influenza A virus (A/chicken/Hubei/327/2004(H5N1)) M2 channel expressed in yeast after 46 to 48 hrs by yeast growth restoration assay,B,,,BAO_0000188,BAO_0000019,assay format,N#CCCN(Cc1ccc[nH]1)S(=O)(=O)c1ccc(Br)cc1,,,CHEMBL4261607,Eur J Med Chem,2018,"{'bei': '16.35', 'le': '0.39', 'lle': '3.14', 'sei': '7.83'}",CHEMBL4283456,,CHEMBL4283456,6.02,False,http://www.openphacts.org/units/Nanomolar,3115911,=,1,True,=,,EC50,nM,,950.0,CHEMBL2052,Influenza A virus (A/Udorn/307/1972(H3N2)),Influenza virus A matrix protein M2,381517,,,EC50,uM,UO_0000065,,0.95
,18753198,[],CHEMBL4264733,Inhibition of wild type Influenza A virus (A/chicken/Hubei/327/2004(H5N1)) M2 channel expressed in yeast after 46 to 48 hrs by yeast growth restoration assay,B,,,BAO_0000188,BAO_0000019,assay format,CCCN(CCC#N)S(=O)(=O)c1ccc(Br)cc1,,,CHEMBL4261607,Eur J Med Chem,2018,"{'bei': '14.38', 'le': '0.36', 'lle': '2.00', 'sei': '7.79'}",CHEMBL4294025,,CHEMBL4294025,4.76,False,http://www.openphacts.org/units/Nanomolar,3115912,=,1,True,=,,EC50,nM,,17210.0,CHEMBL2052,Influenza A virus (A/Udorn/307/1972(H3N2)),Influenza virus A matrix protein M2,381517,,,EC50,uM,UO_0000065,,17.21
,18753199,[],CHEMBL4264733,Inhibition of wild type Influenza A virus (A/chicken/Hubei/327/2004(H5N1)) M2 channel expressed in yeast after 46 to 48 hrs by yeast growth restoration assay,B,,,BAO_0000188,BAO_0000019,assay format,NC12CC3CC(CC(C3)C1)C2,,,CHEMBL4261607,Eur J Med Chem,2018,"{'bei': '40.86', 'le': '0.77', 'lle': '4.27', 'sei': '23.75'}",CHEMBL660,AMANTADINE,CHEMBL660,6.18,True,http://www.openphacts.org/units/Nanomolar,3115913,=,1,True,=,,EC50,nM,,660.0,CHEMBL2052,Influenza A virus (A/Udorn/307/1972(H3N2)),Influenza virus A matrix protein M2,381517,,,EC50,uM,UO_0000065,,0.66
Not Active,18753200,[],CHEMBL4264733,Inhibition of wild type Influenza A virus (A/chicken/Hubei/327/2004(H5N1)) M2 channel expressed in yeast after 46 to 48 hrs by yeast growth restoration assay,B,,,BAO_0000188,BAO_0000019,assay format,CCOC(=O)C1=C[C@@H](OC(CC)CC)[C@H](NC(C)=O)[C@@H](N)C1,,,CHEMBL4261607,Eur J Med Chem,2018,,CHEMBL1229,OSELTAMIVIR,CHEMBL1229,,False,,3115914,,1,False,,,EC50,,,,CHEMBL2052,Influenza A virus (A/Udorn/307/1972(H3N2)),Influenza virus A matrix protein M2,381517,,,EC50,,,,
Not Active,18753201,[],CHEMBL4264734,Inhibition of wild type Influenza A virus (A/chicken/Hubei/327/2004(H5N1)) M2 proton channel V27A/S31N mutant expressed in yeast after 46 to 48 hrs by yeast growth restoration assay,B,P0DOF8,"V27A,S31N",BAO_0000188,BAO_0000019,assay format,N#CCCN(Cc1cccs1)S(=O)(=O)c1ccccc1F,,,CHEMBL4261607,Eur J Med Chem,2018,,CHEMBL4287824,,CHEMBL4287824,,False,,3115886,,1,False,,,EC50,,,,CHEMBL2052,Influenza A virus (A/Udorn/307/1972(H3N2)),Influenza virus A matrix protein M2,381517,,,EC50,,,,
Not Active,18753202,[],CHEMBL4264734,Inhibition of wild type Influenza A virus (A/chicken/Hubei/327/2004(H5N1)) M2 proton channel V27A/S31N mutant expressed in yeast after 46 to 48 hrs by yeast growth restoration assay,B,P0DOF8,"V27A,S31N",BAO_0000188,BAO_0000019,assay format,N#CCCN(Cc1cccs1)S(=O)(=O)c1cccc(F)c1,,,CHEMBL4261607,Eur J Med Chem,2018,,CHEMBL4277167,,CHEMBL4277167,,False,,3115887,,1,False,,,EC50,,,,CHEMBL2052,Influenza A virus (A/Udorn/307/1972(H3N2)),Influenza virus A matrix protein M2,381517,,,EC50,,,,
Not Active,18753203,[],CHEMBL4264734,Inhibition of wild type Influenza A virus (A/chicken/Hubei/327/2004(H5N1)) M2 proton channel V27A/S31N mutant expressed in yeast after 46 to 48 hrs by yeast growth restoration assay,B,P0DOF8,"V27A,S31N",BAO_0000188,BAO_0000019,assay format,N#CCCN(Cc1cccs1)S(=O)(=O)c1ccc(F)cc1,,,CHEMBL4261607,Eur J Med Chem,2018,,CHEMBL4284419,,CHEMBL4284419,,False,,3115888,,1,False,,,EC50,,,,CHEMBL2052,Influenza A virus (A/Udorn/307/1972(H3N2)),Influenza virus A matrix protein M2,381517,,,EC50,,,,
Not Active,18753204,[],CHEMBL4264734,Inhibition of wild type Influenza A virus (A/chicken/Hubei/327/2004(H5N1)) M2 proton channel V27A/S31N mutant expressed in yeast after 46 to 48 hrs by yeast growth restoration assay,B,P0DOF8,"V27A,S31N",BAO_0000188,BAO_0000019,assay format,N#CCCN(Cc1cccs1)S(=O)(=O)c1ccc(Cl)cc1,,,CHEMBL4261607,Eur J Med Chem,2018,,CHEMBL4292316,,CHEMBL4292316,,False,,3115889,,1,False,,,EC50,,,,CHEMBL2052,Influenza A virus (A/Udorn/307/1972(H3N2)),Influenza virus A matrix protein M2,381517,,,EC50,,,,
Not Active,18753205,[],CHEMBL4264734,Inhibition of wild type Influenza A virus (A/chicken/Hubei/327/2004(H5N1)) M2 proton channel V27A/S31N mutant expressed in yeast after 46 to 48 hrs by yeast growth restoration assay,B,P0DOF8,"V27A,S31N",BAO_0000188,BAO_0000019,assay format,N#CCCN(Cc1cccs1)S(=O)(=O)c1ccc(Br)cc1,,,CHEMBL4261607,Eur J Med Chem,2018,,CHEMBL4294990,,CHEMBL4294990,,False,,3115890,,1,False,,,EC50,,,,CHEMBL2052,Influenza A virus (A/Udorn/307/1972(H3N2)),Influenza virus A matrix protein M2,381517,,,EC50,,,,
Not Active,18753206,[],CHEMBL4264734,Inhibition of wild type Influenza A virus (A/chicken/Hubei/327/2004(H5N1)) M2 proton channel V27A/S31N mutant expressed in yeast after 46 to 48 hrs by yeast growth restoration assay,B,P0DOF8,"V27A,S31N",BAO_0000188,BAO_0000019,assay format,Cc1ccc(S(=O)(=O)N(CCC#N)Cc2cccs2)cc1,,,CHEMBL4261607,Eur J Med Chem,2018,,CHEMBL4286741,,CHEMBL4286741,,False,,3115891,,1,False,,,EC50,,,,CHEMBL2052,Influenza A virus (A/Udorn/307/1972(H3N2)),Influenza virus A matrix protein M2,381517,,,EC50,,,,
Not Active,18753207,[],CHEMBL4264734,Inhibition of wild type Influenza A virus (A/chicken/Hubei/327/2004(H5N1)) M2 proton channel V27A/S31N mutant expressed in yeast after 46 to 48 hrs by yeast growth restoration assay,B,P0DOF8,"V27A,S31N",BAO_0000188,BAO_0000019,assay format,COc1ccc(S(=O)(=O)N(CCC#N)Cc2cccs2)cc1,,,CHEMBL4261607,Eur J Med Chem,2018,,CHEMBL4285916,,CHEMBL4285916,,False,,3115892,,1,False,,,EC50,,,,CHEMBL2052,Influenza A virus (A/Udorn/307/1972(H3N2)),Influenza virus A matrix protein M2,381517,,,EC50,,,,
Not Active,18753208,[],CHEMBL4264734,Inhibition of wild type Influenza A virus (A/chicken/Hubei/327/2004(H5N1)) M2 proton channel V27A/S31N mutant expressed in yeast after 46 to 48 hrs by yeast growth restoration assay,B,P0DOF8,"V27A,S31N",BAO_0000188,BAO_0000019,assay format,N#CCCN(Cc1cccs1)S(=O)(=O)c1ccc(C#N)cc1,,,CHEMBL4261607,Eur J Med Chem,2018,,CHEMBL4277990,,CHEMBL4277990,,False,,3115893,,1,False,,,EC50,,,,CHEMBL2052,Influenza A virus (A/Udorn/307/1972(H3N2)),Influenza virus A matrix protein M2,381517,,,EC50,,,,
Not Active,18753209,[],CHEMBL4264734,Inhibition of wild type Influenza A virus (A/chicken/Hubei/327/2004(H5N1)) M2 proton channel V27A/S31N mutant expressed in yeast after 46 to 48 hrs by yeast growth restoration assay,B,P0DOF8,"V27A,S31N",BAO_0000188,BAO_0000019,assay format,N#CCCN(Cc1cccs1)S(=O)(=O)c1ccc(C(F)(F)F)cc1,,,CHEMBL4261607,Eur J Med Chem,2018,,CHEMBL4282531,,CHEMBL4282531,,False,,3115894,,1,False,,,EC50,,,,CHEMBL2052,Influenza A virus (A/Udorn/307/1972(H3N2)),Influenza virus A matrix protein M2,381517,,,EC50,,,,
Not Active,18753210,[],CHEMBL4264734,Inhibition of wild type Influenza A virus (A/chicken/Hubei/327/2004(H5N1)) M2 proton channel V27A/S31N mutant expressed in yeast after 46 to 48 hrs by yeast growth restoration assay,B,P0DOF8,"V27A,S31N",BAO_0000188,BAO_0000019,assay format,N#CCCN(Cc1cccs1)S(=O)(=O)c1ccc([N+](=O)[O-])cc1,,,CHEMBL4261607,Eur J Med Chem,2018,,CHEMBL4293132,,CHEMBL4293132,,False,,3115895,,1,False,,,EC50,,,,CHEMBL2052,Influenza A virus (A/Udorn/307/1972(H3N2)),Influenza virus A matrix protein M2,381517,,,EC50,,,,
Not Active,18753211,[],CHEMBL4264734,Inhibition of wild type Influenza A virus (A/chicken/Hubei/327/2004(H5N1)) M2 proton channel V27A/S31N mutant expressed in yeast after 46 to 48 hrs by yeast growth restoration assay,B,P0DOF8,"V27A,S31N",BAO_0000188,BAO_0000019,assay format,CC(=O)c1ccc(S(=O)(=O)N(CCC#N)Cc2cccs2)cc1,,,CHEMBL4261607,Eur J Med Chem,2018,,CHEMBL4292737,,CHEMBL4292737,,False,,3115896,,1,False,,,EC50,,,,CHEMBL2052,Influenza A virus (A/Udorn/307/1972(H3N2)),Influenza virus A matrix protein M2,381517,,,EC50,,,,
Not Active,18753212,[],CHEMBL4264734,Inhibition of wild type Influenza A virus (A/chicken/Hubei/327/2004(H5N1)) M2 proton channel V27A/S31N mutant expressed in yeast after 46 to 48 hrs by yeast growth restoration assay,B,P0DOF8,"V27A,S31N",BAO_0000188,BAO_0000019,assay format,N#CCCN(Cc1cccs1)S(=O)(=O)c1ccc(N)cc1,,,CHEMBL4261607,Eur J Med Chem,2018,,CHEMBL4284865,,CHEMBL4284865,,False,,3115897,,1,False,,,EC50,,,,CHEMBL2052,Influenza A virus (A/Udorn/307/1972(H3N2)),Influenza virus A matrix protein M2,381517,,,EC50,,,,
Not Active,18753213,[],CHEMBL4264734,Inhibition of wild type Influenza A virus (A/chicken/Hubei/327/2004(H5N1)) M2 proton channel V27A/S31N mutant expressed in yeast after 46 to 48 hrs by yeast growth restoration assay,B,P0DOF8,"V27A,S31N",BAO_0000188,BAO_0000019,assay format,O=S(=O)(c1ccc(Br)cc1)N(Cc1cccs1)Cc1cccs1,,,CHEMBL4261607,Eur J Med Chem,2018,,CHEMBL4289324,,CHEMBL4289324,,False,,3115898,,1,False,,,EC50,,,,CHEMBL2052,Influenza A virus (A/Udorn/307/1972(H3N2)),Influenza virus A matrix protein M2,381517,,,EC50,,,,
Not Active,18753214,[],CHEMBL4264734,Inhibition of wild type Influenza A virus (A/chicken/Hubei/327/2004(H5N1)) M2 proton channel V27A/S31N mutant expressed in yeast after 46 to 48 hrs by yeast growth restoration assay,B,P0DOF8,"V27A,S31N",BAO_0000188,BAO_0000019,assay format,CCCN(Cc1cccs1)S(=O)(=O)c1ccc(Br)cc1,,,CHEMBL4261607,Eur J Med Chem,2018,,CHEMBL4281445,,CHEMBL4281445,,False,,3115899,,1,False,,,EC50,,,,CHEMBL2052,Influenza A virus (A/Udorn/307/1972(H3N2)),Influenza virus A matrix protein M2,381517,,,EC50,,,,
Not Active,18753215,[],CHEMBL4264734,Inhibition of wild type Influenza A virus (A/chicken/Hubei/327/2004(H5N1)) M2 proton channel V27A/S31N mutant expressed in yeast after 46 to 48 hrs by yeast growth restoration assay,B,P0DOF8,"V27A,S31N",BAO_0000188,BAO_0000019,assay format,CCOC(=O)CCN(Cc1cccs1)S(=O)(=O)c1ccc(Br)cc1,,,CHEMBL4261607,Eur J Med Chem,2018,,CHEMBL4281038,,CHEMBL4281038,,False,,3115900,,1,False,,,EC50,,,,CHEMBL2052,Influenza A virus (A/Udorn/307/1972(H3N2)),Influenza virus A matrix protein M2,381517,,,EC50,,,,
Not Active,18753216,[],CHEMBL4264734,Inhibition of wild type Influenza A virus (A/chicken/Hubei/327/2004(H5N1)) M2 proton channel V27A/S31N mutant expressed in yeast after 46 to 48 hrs by yeast growth restoration assay,B,P0DOF8,"V27A,S31N",BAO_0000188,BAO_0000019,assay format,O=C(O)CCN(Cc1cccs1)S(=O)(=O)c1ccc(Br)cc1,,,CHEMBL4261607,Eur J Med Chem,2018,,CHEMBL4291678,,CHEMBL4291678,,False,,3115901,,1,False,,,EC50,,,,CHEMBL2052,Influenza A virus (A/Udorn/307/1972(H3N2)),Influenza virus A matrix protein M2,381517,,,EC50,,,,
Not Active,18753217,[],CHEMBL4264734,Inhibition of wild type Influenza A virus (A/chicken/Hubei/327/2004(H5N1)) M2 proton channel V27A/S31N mutant expressed in yeast after 46 to 48 hrs by yeast growth restoration assay,B,P0DOF8,"V27A,S31N",BAO_0000188,BAO_0000019,assay format,N#CCCN(Cc1ccco1)S(=O)(=O)c1ccc(F)cc1,,,CHEMBL4261607,Eur J Med Chem,2018,,CHEMBL4290438,,CHEMBL4290438,,False,,3115902,,1,False,,,EC50,,,,CHEMBL2052,Influenza A virus (A/Udorn/307/1972(H3N2)),Influenza virus A matrix protein M2,381517,,,EC50,,,,
Not Active,18753218,[],CHEMBL4264734,Inhibition of wild type Influenza A virus (A/chicken/Hubei/327/2004(H5N1)) M2 proton channel V27A/S31N mutant expressed in yeast after 46 to 48 hrs by yeast growth restoration assay,B,P0DOF8,"V27A,S31N",BAO_0000188,BAO_0000019,assay format,N#CCCN(Cc1ccco1)S(=O)(=O)c1ccc(Cl)cc1,,,CHEMBL4261607,Eur J Med Chem,2018,,CHEMBL4279786,,CHEMBL4279786,,False,,3115903,,1,False,,,EC50,,,,CHEMBL2052,Influenza A virus (A/Udorn/307/1972(H3N2)),Influenza virus A matrix protein M2,381517,,,EC50,,,,
Not Active,18753219,[],CHEMBL4264734,Inhibition of wild type Influenza A virus (A/chicken/Hubei/327/2004(H5N1)) M2 proton channel V27A/S31N mutant expressed in yeast after 46 to 48 hrs by yeast growth restoration assay,B,P0DOF8,"V27A,S31N",BAO_0000188,BAO_0000019,assay format,N#CCCN(Cc1ccco1)S(=O)(=O)c1ccc(Br)cc1,,,CHEMBL4261607,Eur J Med Chem,2018,,CHEMBL4293843,,CHEMBL4293843,,False,,3115904,,1,False,,,EC50,,,,CHEMBL2052,Influenza A virus (A/Udorn/307/1972(H3N2)),Influenza virus A matrix protein M2,381517,,,EC50,,,,
Not Active,18753220,[],CHEMBL4264734,Inhibition of wild type Influenza A virus (A/chicken/Hubei/327/2004(H5N1)) M2 proton channel V27A/S31N mutant expressed in yeast after 46 to 48 hrs by yeast growth restoration assay,B,P0DOF8,"V27A,S31N",BAO_0000188,BAO_0000019,assay format,Cc1ccc(S(=O)(=O)N(CCC#N)Cc2ccco2)cc1,,,CHEMBL4261607,Eur J Med Chem,2018,,CHEMBL4283250,,CHEMBL4283250,,False,,3115905,,1,False,,,EC50,,,,CHEMBL2052,Influenza A virus (A/Udorn/307/1972(H3N2)),Influenza virus A matrix protein M2,381517,,,EC50,,,,
Not Active,18753221,[],CHEMBL4264734,Inhibition of wild type Influenza A virus (A/chicken/Hubei/327/2004(H5N1)) M2 proton channel V27A/S31N mutant expressed in yeast after 46 to 48 hrs by yeast growth restoration assay,B,P0DOF8,"V27A,S31N",BAO_0000188,BAO_0000019,assay format,COc1ccc(S(=O)(=O)N(CCC#N)Cc2ccco2)cc1,,,CHEMBL4261607,Eur J Med Chem,2018,,CHEMBL4283674,,CHEMBL4283674,,False,,3115906,,1,False,,,EC50,,,,CHEMBL2052,Influenza A virus (A/Udorn/307/1972(H3N2)),Influenza virus A matrix protein M2,381517,,,EC50,,,,
Not Active,18753222,[],CHEMBL4264734,Inhibition of wild type Influenza A virus (A/chicken/Hubei/327/2004(H5N1)) M2 proton channel V27A/S31N mutant expressed in yeast after 46 to 48 hrs by yeast growth restoration assay,B,P0DOF8,"V27A,S31N",BAO_0000188,BAO_0000019,assay format,N#CCCN(Cc1ccco1)S(=O)(=O)c1ccc(C#N)cc1,,,CHEMBL4261607,Eur J Med Chem,2018,,CHEMBL4291537,,CHEMBL4291537,,False,,3115907,,1,False,,,EC50,,,,CHEMBL2052,Influenza A virus (A/Udorn/307/1972(H3N2)),Influenza virus A matrix protein M2,381517,,,EC50,,,,
Not Active,18753223,[],CHEMBL4264734,Inhibition of wild type Influenza A virus (A/chicken/Hubei/327/2004(H5N1)) M2 proton channel V27A/S31N mutant expressed in yeast after 46 to 48 hrs by yeast growth restoration assay,B,P0DOF8,"V27A,S31N",BAO_0000188,BAO_0000019,assay format,N#CCCN(Cc1ccco1)S(=O)(=O)c1ccc(C(F)(F)F)cc1,,,CHEMBL4261607,Eur J Med Chem,2018,,CHEMBL4287026,,CHEMBL4287026,,False,,3115908,,1,False,,,EC50,,,,CHEMBL2052,Influenza A virus (A/Udorn/307/1972(H3N2)),Influenza virus A matrix protein M2,381517,,,EC50,,,,
Not Active,18753224,[],CHEMBL4264734,Inhibition of wild type Influenza A virus (A/chicken/Hubei/327/2004(H5N1)) M2 proton channel V27A/S31N mutant expressed in yeast after 46 to 48 hrs by yeast growth restoration assay,B,P0DOF8,"V27A,S31N",BAO_0000188,BAO_0000019,assay format,Cc1cccc(S(=O)(=O)N(CCC#N)Cc2ccco2)c1,,,CHEMBL4261607,Eur J Med Chem,2018,,CHEMBL4294934,,CHEMBL4294934,,False,,3115909,,1,False,,,EC50,,,,CHEMBL2052,Influenza A virus (A/Udorn/307/1972(H3N2)),Influenza virus A matrix protein M2,381517,,,EC50,,,,
Not Active,18753225,[],CHEMBL4264734,Inhibition of wild type Influenza A virus (A/chicken/Hubei/327/2004(H5N1)) M2 proton channel V27A/S31N mutant expressed in yeast after 46 to 48 hrs by yeast growth restoration assay,B,P0DOF8,"V27A,S31N",BAO_0000188,BAO_0000019,assay format,N#CCCN(Cc1ccccc1)S(=O)(=O)c1ccc(F)cc1,,,CHEMBL4261607,Eur J Med Chem,2018,,CHEMBL4293428,,CHEMBL4293428,,False,,3115910,,1,False,,,EC50,,,,CHEMBL2052,Influenza A virus (A/Udorn/307/1972(H3N2)),Influenza virus A matrix protein M2,381517,,,EC50,,,,
Not Active,18753226,[],CHEMBL4264734,Inhibition of wild type Influenza A virus (A/chicken/Hubei/327/2004(H5N1)) M2 proton channel V27A/S31N mutant expressed in yeast after 46 to 48 hrs by yeast growth restoration assay,B,P0DOF8,"V27A,S31N",BAO_0000188,BAO_0000019,assay format,N#CCCN(Cc1ccc[nH]1)S(=O)(=O)c1ccc(Br)cc1,,,CHEMBL4261607,Eur J Med Chem,2018,,CHEMBL4283456,,CHEMBL4283456,,False,,3115911,,1,False,,,EC50,,,,CHEMBL2052,Influenza A virus (A/Udorn/307/1972(H3N2)),Influenza virus A matrix protein M2,381517,,,EC50,,,,
Not Active,18753227,[],CHEMBL4264734,Inhibition of wild type Influenza A virus (A/chicken/Hubei/327/2004(H5N1)) M2 proton channel V27A/S31N mutant expressed in yeast after 46 to 48 hrs by yeast growth restoration assay,B,P0DOF8,"V27A,S31N",BAO_0000188,BAO_0000019,assay format,CCCN(CCC#N)S(=O)(=O)c1ccc(Br)cc1,,,CHEMBL4261607,Eur J Med Chem,2018,,CHEMBL4294025,,CHEMBL4294025,,False,,3115912,,1,False,,,EC50,,,,CHEMBL2052,Influenza A virus (A/Udorn/307/1972(H3N2)),Influenza virus A matrix protein M2,381517,,,EC50,,,,
Not Active,18753228,[],CHEMBL4264734,Inhibition of wild type Influenza A virus (A/chicken/Hubei/327/2004(H5N1)) M2 proton channel V27A/S31N mutant expressed in yeast after 46 to 48 hrs by yeast growth restoration assay,B,P0DOF8,"V27A,S31N",BAO_0000188,BAO_0000019,assay format,NC12CC3CC(CC(C3)C1)C2,,,CHEMBL4261607,Eur J Med Chem,2018,,CHEMBL660,AMANTADINE,CHEMBL660,,False,,3115913,,1,False,,,EC50,,,,CHEMBL2052,Influenza A virus (A/Udorn/307/1972(H3N2)),Influenza virus A matrix protein M2,381517,,,EC50,,,,
Not Active,18753229,[],CHEMBL4264734,Inhibition of wild type Influenza A virus (A/chicken/Hubei/327/2004(H5N1)) M2 proton channel V27A/S31N mutant expressed in yeast after 46 to 48 hrs by yeast growth restoration assay,B,P0DOF8,"V27A,S31N",BAO_0000188,BAO_0000019,assay format,CCOC(=O)C1=C[C@@H](OC(CC)CC)[C@H](NC(C)=O)[C@@H](N)C1,,,CHEMBL4261607,Eur J Med Chem,2018,,CHEMBL1229,OSELTAMIVIR,CHEMBL1229,,False,,3115914,,1,False,,,EC50,,,,CHEMBL2052,Influenza A virus (A/Udorn/307/1972(H3N2)),Influenza virus A matrix protein M2,381517,,,EC50,,,,
,19480888,[],CHEMBL4480546,Inhibition of wild type Influenza A virus (A/chicken/Hubei/327/2004(H5N1)) M2 expressed in yeast cells after 46 to 48 hrs,B,,,BAO_0000188,BAO_0000219,cell-based format,Cc1cc(CNS(=O)(=O)c2ccc([N+](=O)[O-])cc2)c(C)o1,,,CHEMBL4480367,MedChemComm,2019,"{'bei': '18.58', 'le': '0.38', 'lle': '3.49', 'sei': '5.63'}",CHEMBL4517321,,CHEMBL4517321,5.77,False,http://www.openphacts.org/units/Nanomolar,3257607,=,1,True,=,,EC50,nM,,1710.0,CHEMBL2052,Influenza A virus (A/Udorn/307/1972(H3N2)),Influenza virus A matrix protein M2,381517,,,EC50,uM,UO_0000065,,1.71
,19480889,[],CHEMBL4480546,Inhibition of wild type Influenza A virus (A/chicken/Hubei/327/2004(H5N1)) M2 expressed in yeast cells after 46 to 48 hrs,B,,,BAO_0000188,BAO_0000219,cell-based format,Cc1cc(CNS(=O)(=O)c2ccc(C#N)cc2)c(C)o1,,,CHEMBL4480367,MedChemComm,2019,"{'bei': '16.86', 'le': '0.33', 'lle': '2.64', 'sei': '5.89'}",CHEMBL4586595,,CHEMBL4586595,4.89,False,http://www.openphacts.org/units/Nanomolar,3257608,=,1,True,=,,EC50,nM,,12740.0,CHEMBL2052,Influenza A virus (A/Udorn/307/1972(H3N2)),Influenza virus A matrix protein M2,381517,,,EC50,uM,UO_0000065,,12.74
,19480890,[],CHEMBL4480546,Inhibition of wild type Influenza A virus (A/chicken/Hubei/327/2004(H5N1)) M2 expressed in yeast cells after 46 to 48 hrs,B,,,BAO_0000188,BAO_0000219,cell-based format,Cc1cc(CNS(=O)(=O)c2ccc(F)cc2)c(C)o1,,,CHEMBL4480367,MedChemComm,2019,"{'bei': '16.31', 'le': '0.33', 'lle': '2.11', 'sei': '7.79'}",CHEMBL4574356,,CHEMBL4574356,4.62,False,http://www.openphacts.org/units/Nanomolar,3257609,=,1,True,=,,EC50,nM,,24000.0,CHEMBL2052,Influenza A virus (A/Udorn/307/1972(H3N2)),Influenza virus A matrix protein M2,381517,,,EC50,uM,UO_0000065,,24.0
,19480891,[],CHEMBL4480546,Inhibition of wild type Influenza A virus (A/chicken/Hubei/327/2004(H5N1)) M2 expressed in yeast cells after 46 to 48 hrs,B,,,BAO_0000188,BAO_0000219,cell-based format,Cc1cc(CNS(=O)(=O)c2ccc(Cl)cc2)c(C)o1,,,CHEMBL4480367,MedChemComm,2019,"{'bei': '18.39', 'le': '0.40', 'lle': '2.48', 'sei': '9.29'}",CHEMBL4557215,,CHEMBL4557215,5.51,False,http://www.openphacts.org/units/Nanomolar,3257610,=,1,True,=,,EC50,nM,,3070.0,CHEMBL2052,Influenza A virus (A/Udorn/307/1972(H3N2)),Influenza virus A matrix protein M2,381517,,,EC50,uM,UO_0000065,,3.07
,19480892,[],CHEMBL4480546,Inhibition of wild type Influenza A virus (A/chicken/Hubei/327/2004(H5N1)) M2 expressed in yeast cells after 46 to 48 hrs,B,,,BAO_0000188,BAO_0000219,cell-based format,Cc1cc(CNS(=O)(=O)c2ccc(Br)cc2)c(C)o1,,,CHEMBL4480367,MedChemComm,2019,"{'bei': '15.49', 'le': '0.38', 'lle': '2.19', 'sei': '8.99'}",CHEMBL4592186,,CHEMBL4592186,5.33,False,http://www.openphacts.org/units/Nanomolar,3257611,=,1,True,=,,EC50,nM,,4650.0,CHEMBL2052,Influenza A virus (A/Udorn/307/1972(H3N2)),Influenza virus A matrix protein M2,381517,,,EC50,uM,UO_0000065,,4.65
,19480893,[],CHEMBL4480546,Inhibition of wild type Influenza A virus (A/chicken/Hubei/327/2004(H5N1)) M2 expressed in yeast cells after 46 to 48 hrs,B,,,BAO_0000188,BAO_0000219,cell-based format,O=[N+]([O-])c1ccc(S(=O)(=O)NCc2ccoc2)cc1,,,CHEMBL4480367,MedChemComm,2019,"{'bei': '14.49', 'le': '0.29', 'lle': '2.42', 'sei': '3.99'}",CHEMBL4590782,,CHEMBL4590782,4.09,False,http://www.openphacts.org/units/Nanomolar,3257612,=,1,True,=,,EC50,nM,,81480.0,CHEMBL2052,Influenza A virus (A/Udorn/307/1972(H3N2)),Influenza virus A matrix protein M2,381517,,,EC50,uM,UO_0000065,,81.48
,19480894,[],CHEMBL4480546,Inhibition of wild type Influenza A virus (A/chicken/Hubei/327/2004(H5N1)) M2 expressed in yeast cells after 46 to 48 hrs,B,,,BAO_0000188,BAO_0000219,cell-based format,Cc1cc(CNS(=O)(=O)c2ccc([N+](=O)[O-])cc2)c(C)s1,,,CHEMBL4480367,MedChemComm,2019,"{'bei': '17.33', 'le': '0.37', 'lle': '2.91', 'sei': '6.33'}",CHEMBL4518980,,CHEMBL4518980,5.66,False,http://www.openphacts.org/units/Nanomolar,3257613,=,1,True,=,,EC50,nM,,2210.0,CHEMBL2052,Influenza A virus (A/Udorn/307/1972(H3N2)),Influenza virus A matrix protein M2,381517,,,EC50,uM,UO_0000065,,2.21
,19480895,[],CHEMBL4480546,Inhibition of wild type Influenza A virus (A/chicken/Hubei/327/2004(H5N1)) M2 expressed in yeast cells after 46 to 48 hrs,B,,,BAO_0000188,BAO_0000219,cell-based format,Cc1cc(CNS(=O)(=O)c2ccc(C#N)cc2)c(C)s1,,,CHEMBL4480367,MedChemComm,2019,"{'bei': '19.10', 'le': '0.40', 'lle': '3.13', 'sei': '8.37'}",CHEMBL4557613,,CHEMBL4557613,5.85,False,http://www.openphacts.org/units/Nanomolar,3257614,=,1,True,=,,EC50,nM,,1400.0,CHEMBL2052,Influenza A virus (A/Udorn/307/1972(H3N2)),Influenza virus A matrix protein M2,381517,,,EC50,uM,UO_0000065,,1.4
Not Active,19480896,[],CHEMBL4480546,Inhibition of wild type Influenza A virus (A/chicken/Hubei/327/2004(H5N1)) M2 expressed in yeast cells after 46 to 48 hrs,B,,,BAO_0000188,BAO_0000219,cell-based format,Cc1cc(CNS(=O)(=O)c2ccc(F)cc2)c(C)s1,,,CHEMBL4480367,MedChemComm,2019,,CHEMBL4519600,,CHEMBL4519600,,False,,3257615,,1,False,,,EC50,,,,CHEMBL2052,Influenza A virus (A/Udorn/307/1972(H3N2)),Influenza virus A matrix protein M2,381517,,,EC50,,,,
,19480897,[],CHEMBL4480546,Inhibition of wild type Influenza A virus (A/chicken/Hubei/327/2004(H5N1)) M2 expressed in yeast cells after 46 to 48 hrs,B,,,BAO_0000188,BAO_0000219,cell-based format,Cc1cc(CNS(=O)(=O)c2ccc(Cl)cc2)c(C)s1,,,CHEMBL4480367,MedChemComm,2019,"{'bei': '18.89', 'le': '0.43', 'lle': '2.47', 'sei': '12.92'}",CHEMBL4586535,,CHEMBL4586535,5.97,False,http://www.openphacts.org/units/Nanomolar,3257616,=,1,True,=,,EC50,nM,,1080.0,CHEMBL2052,Influenza A virus (A/Udorn/307/1972(H3N2)),Influenza virus A matrix protein M2,381517,,,EC50,uM,UO_0000065,,1.08
,19480898,[],CHEMBL4480546,Inhibition of wild type Influenza A virus (A/chicken/Hubei/327/2004(H5N1)) M2 expressed in yeast cells after 46 to 48 hrs,B,,,BAO_0000188,BAO_0000219,cell-based format,Cc1cc(CNS(=O)(=O)c2ccc(Br)cc2)c(C)s1,,,CHEMBL4480367,MedChemComm,2019,"{'bei': '16.10', 'le': '0.42', 'lle': '2.19', 'sei': '12.57'}",CHEMBL4527406,,CHEMBL4527406,5.80,False,http://www.openphacts.org/units/Nanomolar,3257617,=,1,True,=,,EC50,nM,,1580.0,CHEMBL2052,Influenza A virus (A/Udorn/307/1972(H3N2)),Influenza virus A matrix protein M2,381517,,,EC50,uM,UO_0000065,,1.58
,19480899,[],CHEMBL4480546,Inhibition of wild type Influenza A virus (A/chicken/Hubei/327/2004(H5N1)) M2 expressed in yeast cells after 46 to 48 hrs,B,,,BAO_0000188,BAO_0000219,cell-based format,O=[N+]([O-])c1ccc(S(=O)(=O)NCc2ccsc2)cc1,,,CHEMBL4480367,MedChemComm,2019,"{'bei': '18.85', 'le': '0.40', 'lle': '3.49', 'sei': '6.30'}",CHEMBL4544193,,CHEMBL4544193,5.62,False,http://www.openphacts.org/units/Nanomolar,3257618,=,1,True,=,,EC50,nM,,2380.0,CHEMBL2052,Influenza A virus (A/Udorn/307/1972(H3N2)),Influenza virus A matrix protein M2,381517,,,EC50,uM,UO_0000065,,2.38
,19480900,[],CHEMBL4480546,Inhibition of wild type Influenza A virus (A/chicken/Hubei/327/2004(H5N1)) M2 expressed in yeast cells after 46 to 48 hrs,B,,,BAO_0000188,BAO_0000219,cell-based format,O=[N+]([O-])c1ccc(S(=O)(=O)NCc2cccs2)cc1,,,CHEMBL4480367,MedChemComm,2019,"{'bei': '19.09', 'le': '0.41', 'lle': '3.57', 'sei': '6.38'}",CHEMBL4528685,,CHEMBL4528685,5.70,False,http://www.openphacts.org/units/Nanomolar,3257619,=,1,True,=,,EC50,nM,,2010.0,CHEMBL2052,Influenza A virus (A/Udorn/307/1972(H3N2)),Influenza virus A matrix protein M2,381517,,,EC50,uM,UO_0000065,,2.01
Not Active,19480901,[],CHEMBL4480546,Inhibition of wild type Influenza A virus (A/chicken/Hubei/327/2004(H5N1)) M2 expressed in yeast cells after 46 to 48 hrs,B,,,BAO_0000188,BAO_0000219,cell-based format,O=[N+]([O-])c1ccc(S(=O)(=O)NCc2ccc(Cl)s2)cc1,,,CHEMBL4480367,MedChemComm,2019,,CHEMBL4540325,,CHEMBL4540325,,False,,3257620,,1,False,,,EC50,,,,CHEMBL2052,Influenza A virus (A/Udorn/307/1972(H3N2)),Influenza virus A matrix protein M2,381517,,,EC50,,,,
,19480902,[],CHEMBL4480546,Inhibition of wild type Influenza A virus (A/chicken/Hubei/327/2004(H5N1)) M2 expressed in yeast cells after 46 to 48 hrs,B,,,BAO_0000188,BAO_0000219,cell-based format,NC12CC3CC(CC(C3)C1)C2,,,CHEMBL4480367,MedChemComm,2019,"{'bei': '40.86', 'le': '0.77', 'lle': '4.27', 'sei': '23.75'}",CHEMBL660,AMANTADINE,CHEMBL660,6.18,False,http://www.openphacts.org/units/Nanomolar,3257621,=,1,True,=,,EC50,nM,,660.0,CHEMBL2052,Influenza A virus (A/Udorn/307/1972(H3N2)),Influenza virus A matrix protein M2,381517,,,EC50,uM,UO_0000065,,0.66
Not Active,19480903,[],CHEMBL4480546,Inhibition of wild type Influenza A virus (A/chicken/Hubei/327/2004(H5N1)) M2 expressed in yeast cells after 46 to 48 hrs,B,,,BAO_0000188,BAO_0000219,cell-based format,CCOC(=O)C1=C[C@@H](OC(CC)CC)[C@H](NC(C)=O)[C@@H](N)C1.O=P(O)(O)O,,,CHEMBL4480367,MedChemComm,2019,,CHEMBL1200340,OSELTAMIVIR PHOSPHATE,CHEMBL1229,,False,,3257622,,1,False,,,EC50,,,,CHEMBL2052,Influenza A virus (A/Udorn/307/1972(H3N2)),Influenza virus A matrix protein M2,381517,,,EC50,,,,
,19480904,[],CHEMBL4480546,Inhibition of wild type Influenza A virus (A/chicken/Hubei/327/2004(H5N1)) M2 expressed in yeast cells after 46 to 48 hrs,B,,,BAO_0000188,BAO_0000219,cell-based format,O=[N+]([O-])c1ccc(S(=O)(=O)NCc2csc3ccccc23)cc1,,,CHEMBL4480367,MedChemComm,2019,"{'bei': '15.68', 'le': '0.32', 'lle': '2.17', 'sei': '6.12'}",CHEMBL4534199,,CHEMBL4534199,5.46,False,http://www.openphacts.org/units/Nanomolar,3257623,=,1,True,=,,EC50,nM,,3440.0,CHEMBL2052,Influenza A virus (A/Udorn/307/1972(H3N2)),Influenza virus A matrix protein M2,381517,,,EC50,uM,UO_0000065,,3.44
,19480905,[],CHEMBL4480546,Inhibition of wild type Influenza A virus (A/chicken/Hubei/327/2004(H5N1)) M2 expressed in yeast cells after 46 to 48 hrs,B,,,BAO_0000188,BAO_0000219,cell-based format,N#Cc1ccc(S(=O)(=O)NCc2csc3ccccc23)cc1,,,CHEMBL4480367,MedChemComm,2019,"{'bei': '13.22', 'le': '0.27', 'lle': '1.09', 'sei': '6.20'}",CHEMBL4581693,,CHEMBL4581693,4.34,False,http://www.openphacts.org/units/Nanomolar,3257624,=,1,True,=,,EC50,nM,,45670.0,CHEMBL2052,Influenza A virus (A/Udorn/307/1972(H3N2)),Influenza virus A matrix protein M2,381517,,,EC50,uM,UO_0000065,,45.67
,19480906,[],CHEMBL4480546,Inhibition of wild type Influenza A virus (A/chicken/Hubei/327/2004(H5N1)) M2 expressed in yeast cells after 46 to 48 hrs,B,,,BAO_0000188,BAO_0000219,cell-based format,O=S(=O)(NCc1csc2ccccc12)c1ccc(F)cc1,,,CHEMBL4480367,MedChemComm,2019,"{'bei': '16.20', 'le': '0.34', 'lle': '1.69', 'sei': '11.28'}",CHEMBL4588491,,CHEMBL4588491,5.21,False,http://www.openphacts.org/units/Nanomolar,3257625,=,1,True,=,,EC50,nM,,6220.0,CHEMBL2052,Influenza A virus (A/Udorn/307/1972(H3N2)),Influenza virus A matrix protein M2,381517,,,EC50,uM,UO_0000065,,6.22
,19480907,[],CHEMBL4480546,Inhibition of wild type Influenza A virus (A/chicken/Hubei/327/2004(H5N1)) M2 expressed in yeast cells after 46 to 48 hrs,B,,,BAO_0000188,BAO_0000219,cell-based format,O=S(=O)(NCc1csc2ccccc12)c1ccc(Cl)cc1,,,CHEMBL4480367,MedChemComm,2019,"{'bei': '15.61', 'le': '0.34', 'lle': '1.24', 'sei': '11.42'}",CHEMBL4579348,,CHEMBL4579348,5.27,False,http://www.openphacts.org/units/Nanomolar,3257626,=,1,True,=,,EC50,nM,,5330.0,CHEMBL2052,Influenza A virus (A/Udorn/307/1972(H3N2)),Influenza virus A matrix protein M2,381517,,,EC50,uM,UO_0000065,,5.33
,19480908,[],CHEMBL4480546,Inhibition of wild type Influenza A virus (A/chicken/Hubei/327/2004(H5N1)) M2 expressed in yeast cells after 46 to 48 hrs,B,,,BAO_0000188,BAO_0000219,cell-based format,O=S(=O)(NCc1csc2ccccc12)c1ccc(Br)cc1,,,CHEMBL4480367,MedChemComm,2019,"{'bei': '12.60', 'le': '0.31', 'lle': '0.68', 'sei': '10.43'}",CHEMBL4527371,,CHEMBL4527371,4.82,False,http://www.openphacts.org/units/Nanomolar,3257627,=,1,True,=,,EC50,nM,,15250.0,CHEMBL2052,Influenza A virus (A/Udorn/307/1972(H3N2)),Influenza virus A matrix protein M2,381517,,,EC50,uM,UO_0000065,,15.25
Not Active,19480909,[],CHEMBL4480546,Inhibition of wild type Influenza A virus (A/chicken/Hubei/327/2004(H5N1)) M2 expressed in yeast cells after 46 to 48 hrs,B,,,BAO_0000188,BAO_0000219,cell-based format,O=S(=O)(NCc1csc2ccccc12)c1ccc(C(F)(F)F)cc1,,,CHEMBL4480367,MedChemComm,2019,,CHEMBL4564406,,CHEMBL4564406,,False,,3257628,,1,False,,,EC50,,,,CHEMBL2052,Influenza A virus (A/Udorn/307/1972(H3N2)),Influenza virus A matrix protein M2,381517,,,EC50,,,,
,19480910,[],CHEMBL4480546,Inhibition of wild type Influenza A virus (A/chicken/Hubei/327/2004(H5N1)) M2 expressed in yeast cells after 46 to 48 hrs,B,,,BAO_0000188,BAO_0000219,cell-based format,Cc1ccc(S(=O)(=O)NCc2csc3ccccc23)cc1,,,CHEMBL4480367,MedChemComm,2019,"{'bei': '14.63', 'le': '0.30', 'lle': '0.95', 'sei': '10.06'}",CHEMBL4567651,,CHEMBL4567651,4.64,False,http://www.openphacts.org/units/Nanomolar,3257629,=,1,True,=,,EC50,nM,,22680.0,CHEMBL2052,Influenza A virus (A/Udorn/307/1972(H3N2)),Influenza virus A matrix protein M2,381517,,,EC50,uM,UO_0000065,,22.68
Not Active,19480911,[],CHEMBL4480546,Inhibition of wild type Influenza A virus (A/chicken/Hubei/327/2004(H5N1)) M2 expressed in yeast cells after 46 to 48 hrs,B,,,BAO_0000188,BAO_0000219,cell-based format,O=S(=O)(NCc1csc2ccccc12)c1ccccc1F,,,CHEMBL4480367,MedChemComm,2019,,CHEMBL4591526,,CHEMBL4591526,,False,,3257630,,1,False,,,EC50,,,,CHEMBL2052,Influenza A virus (A/Udorn/307/1972(H3N2)),Influenza virus A matrix protein M2,381517,,,EC50,,,,
Not Active,19480912,[],CHEMBL4480546,Inhibition of wild type Influenza A virus (A/chicken/Hubei/327/2004(H5N1)) M2 expressed in yeast cells after 46 to 48 hrs,B,,,BAO_0000188,BAO_0000219,cell-based format,O=S(=O)(NCc1csc2ccccc12)c1cccc(F)c1,,,CHEMBL4480367,MedChemComm,2019,,CHEMBL4546727,,CHEMBL4546727,,False,,3257631,,1,False,,,EC50,,,,CHEMBL2052,Influenza A virus (A/Udorn/307/1972(H3N2)),Influenza virus A matrix protein M2,381517,,,EC50,,,,
,19480913,[],CHEMBL4480546,Inhibition of wild type Influenza A virus (A/chicken/Hubei/327/2004(H5N1)) M2 expressed in yeast cells after 46 to 48 hrs,B,,,BAO_0000188,BAO_0000219,cell-based format,CC(=O)c1ccc(S(=O)(=O)NCc2csc3ccccc23)cc1,,,CHEMBL4480367,MedChemComm,2019,"{'bei': '13.19', 'le': '0.27', 'lle': '0.98', 'sei': '7.20'}",CHEMBL4538304,,CHEMBL4538304,4.56,False,http://www.openphacts.org/units/Nanomolar,3257632,=,1,True,=,,EC50,nM,,27790.0,CHEMBL2052,Influenza A virus (A/Udorn/307/1972(H3N2)),Influenza virus A matrix protein M2,381517,,,EC50,uM,UO_0000065,,27.79
Not Active,19480914,[],CHEMBL4480546,Inhibition of wild type Influenza A virus (A/chicken/Hubei/327/2004(H5N1)) M2 expressed in yeast cells after 46 to 48 hrs,B,,,BAO_0000188,BAO_0000219,cell-based format,O=[N+]([O-])c1ccc(S(=O)(=O)NCc2cc3ccccc3s2)cc1,,,CHEMBL4480367,MedChemComm,2019,,CHEMBL4514902,,CHEMBL4514902,,False,,3257633,,1,False,,,EC50,,,,CHEMBL2052,Influenza A virus (A/Udorn/307/1972(H3N2)),Influenza virus A matrix protein M2,381517,,,EC50,,,,
Not Active,19480915,[],CHEMBL4480546,Inhibition of wild type Influenza A virus (A/chicken/Hubei/327/2004(H5N1)) M2 expressed in yeast cells after 46 to 48 hrs,B,,,BAO_0000188,BAO_0000219,cell-based format,N#Cc1ccc(S(=O)(=O)NCc2cc3ccccc3s2)cc1,,,CHEMBL4480367,MedChemComm,2019,,CHEMBL4539682,,CHEMBL4539682,,False,,3257634,,1,False,,,EC50,,,,CHEMBL2052,Influenza A virus (A/Udorn/307/1972(H3N2)),Influenza virus A matrix protein M2,381517,,,EC50,,,,
Not Active,19480916,[],CHEMBL4480546,Inhibition of wild type Influenza A virus (A/chicken/Hubei/327/2004(H5N1)) M2 expressed in yeast cells after 46 to 48 hrs,B,,,BAO_0000188,BAO_0000219,cell-based format,O=S(=O)(NCc1cc2ccccc2s1)c1ccc(F)cc1,,,CHEMBL4480367,MedChemComm,2019,,CHEMBL4551543,,CHEMBL4551543,,False,,3257635,,1,False,,,EC50,,,,CHEMBL2052,Influenza A virus (A/Udorn/307/1972(H3N2)),Influenza virus A matrix protein M2,381517,,,EC50,,,,
Not Active,19480917,[],CHEMBL4480546,Inhibition of wild type Influenza A virus (A/chicken/Hubei/327/2004(H5N1)) M2 expressed in yeast cells after 46 to 48 hrs,B,,,BAO_0000188,BAO_0000219,cell-based format,O=S(=O)(NCc1cc2ccccc2s1)c1ccc(Cl)cc1,,,CHEMBL4480367,MedChemComm,2019,,CHEMBL4518870,,CHEMBL4518870,,False,,3257636,,1,False,,,EC50,,,,CHEMBL2052,Influenza A virus (A/Udorn/307/1972(H3N2)),Influenza virus A matrix protein M2,381517,,,EC50,,,,
Not Active,19480918,[],CHEMBL4480546,Inhibition of wild type Influenza A virus (A/chicken/Hubei/327/2004(H5N1)) M2 expressed in yeast cells after 46 to 48 hrs,B,,,BAO_0000188,BAO_0000219,cell-based format,O=S(=O)(NCc1cc2ccccc2s1)c1ccc(Br)cc1,,,CHEMBL4480367,MedChemComm,2019,,CHEMBL4543160,,CHEMBL4543160,,False,,3257637,,1,False,,,EC50,,,,CHEMBL2052,Influenza A virus (A/Udorn/307/1972(H3N2)),Influenza virus A matrix protein M2,381517,,,EC50,,,,
Not Active,19480919,[],CHEMBL4480546,Inhibition of wild type Influenza A virus (A/chicken/Hubei/327/2004(H5N1)) M2 expressed in yeast cells after 46 to 48 hrs,B,,,BAO_0000188,BAO_0000219,cell-based format,O=S(=O)(NCc1cc2ccccc2s1)c1ccc(C(F)(F)F)cc1,,,CHEMBL4480367,MedChemComm,2019,,CHEMBL4559127,,CHEMBL4559127,,False,,3257638,,1,False,,,EC50,,,,CHEMBL2052,Influenza A virus (A/Udorn/307/1972(H3N2)),Influenza virus A matrix protein M2,381517,,,EC50,,,,
Not Active,19480920,[],CHEMBL4480546,Inhibition of wild type Influenza A virus (A/chicken/Hubei/327/2004(H5N1)) M2 expressed in yeast cells after 46 to 48 hrs,B,,,BAO_0000188,BAO_0000219,cell-based format,Cc1ccc(S(=O)(=O)NCc2cc3ccccc3s2)cc1,,,CHEMBL4480367,MedChemComm,2019,,CHEMBL4537555,,CHEMBL4537555,,False,,3257639,,1,False,,,EC50,,,,CHEMBL2052,Influenza A virus (A/Udorn/307/1972(H3N2)),Influenza virus A matrix protein M2,381517,,,EC50,,,,
Not Active,19480921,[],CHEMBL4480546,Inhibition of wild type Influenza A virus (A/chicken/Hubei/327/2004(H5N1)) M2 expressed in yeast cells after 46 to 48 hrs,B,,,BAO_0000188,BAO_0000219,cell-based format,O=S(=O)(NCc1cc2ccccc2s1)c1ccccc1F,,,CHEMBL4480367,MedChemComm,2019,,CHEMBL4515951,,CHEMBL4515951,,False,,3257640,,1,False,,,EC50,,,,CHEMBL2052,Influenza A virus (A/Udorn/307/1972(H3N2)),Influenza virus A matrix protein M2,381517,,,EC50,,,,
Not Active,19480922,[],CHEMBL4480546,Inhibition of wild type Influenza A virus (A/chicken/Hubei/327/2004(H5N1)) M2 expressed in yeast cells after 46 to 48 hrs,B,,,BAO_0000188,BAO_0000219,cell-based format,O=S(=O)(NCc1cc2ccccc2s1)c1cccc(F)c1,,,CHEMBL4480367,MedChemComm,2019,,CHEMBL4543323,,CHEMBL4543323,,False,,3257641,,1,False,,,EC50,,,,CHEMBL2052,Influenza A virus (A/Udorn/307/1972(H3N2)),Influenza virus A matrix protein M2,381517,,,EC50,,,,
Not Active,19480923,[],CHEMBL4480547,Inhibition of Influenza A virus (A/chicken/Hubei/327/2004(H5N1)) M2 V27A/S31N double mutant expressed in yeast cells after 46 to 48 hrs,B,P0DOF8,"V27A,S31N",BAO_0000188,BAO_0000219,cell-based format,Cc1cc(CNS(=O)(=O)c2ccc([N+](=O)[O-])cc2)c(C)o1,,,CHEMBL4480367,MedChemComm,2019,,CHEMBL4517321,,CHEMBL4517321,,False,,3257607,,1,False,,,EC50,,,,CHEMBL2052,Influenza A virus (A/Udorn/307/1972(H3N2)),Influenza virus A matrix protein M2,381517,,,EC50,,,,
Not Active,19480924,[],CHEMBL4480547,Inhibition of Influenza A virus (A/chicken/Hubei/327/2004(H5N1)) M2 V27A/S31N double mutant expressed in yeast cells after 46 to 48 hrs,B,P0DOF8,"V27A,S31N",BAO_0000188,BAO_0000219,cell-based format,Cc1cc(CNS(=O)(=O)c2ccc(C#N)cc2)c(C)o1,,,CHEMBL4480367,MedChemComm,2019,,CHEMBL4586595,,CHEMBL4586595,,False,,3257608,,1,False,,,EC50,,,,CHEMBL2052,Influenza A virus (A/Udorn/307/1972(H3N2)),Influenza virus A matrix protein M2,381517,,,EC50,,,,
Not Active,19480925,[],CHEMBL4480547,Inhibition of Influenza A virus (A/chicken/Hubei/327/2004(H5N1)) M2 V27A/S31N double mutant expressed in yeast cells after 46 to 48 hrs,B,P0DOF8,"V27A,S31N",BAO_0000188,BAO_0000219,cell-based format,Cc1cc(CNS(=O)(=O)c2ccc(F)cc2)c(C)o1,,,CHEMBL4480367,MedChemComm,2019,,CHEMBL4574356,,CHEMBL4574356,,False,,3257609,,1,False,,,EC50,,,,CHEMBL2052,Influenza A virus (A/Udorn/307/1972(H3N2)),Influenza virus A matrix protein M2,381517,,,EC50,,,,
Not Active,19480926,[],CHEMBL4480547,Inhibition of Influenza A virus (A/chicken/Hubei/327/2004(H5N1)) M2 V27A/S31N double mutant expressed in yeast cells after 46 to 48 hrs,B,P0DOF8,"V27A,S31N",BAO_0000188,BAO_0000219,cell-based format,Cc1cc(CNS(=O)(=O)c2ccc(Cl)cc2)c(C)o1,,,CHEMBL4480367,MedChemComm,2019,,CHEMBL4557215,,CHEMBL4557215,,False,,3257610,,1,False,,,EC50,,,,CHEMBL2052,Influenza A virus (A/Udorn/307/1972(H3N2)),Influenza virus A matrix protein M2,381517,,,EC50,,,,
Not Active,19480927,[],CHEMBL4480547,Inhibition of Influenza A virus (A/chicken/Hubei/327/2004(H5N1)) M2 V27A/S31N double mutant expressed in yeast cells after 46 to 48 hrs,B,P0DOF8,"V27A,S31N",BAO_0000188,BAO_0000219,cell-based format,Cc1cc(CNS(=O)(=O)c2ccc(Br)cc2)c(C)o1,,,CHEMBL4480367,MedChemComm,2019,,CHEMBL4592186,,CHEMBL4592186,,False,,3257611,,1,False,,,EC50,,,,CHEMBL2052,Influenza A virus (A/Udorn/307/1972(H3N2)),Influenza virus A matrix protein M2,381517,,,EC50,,,,
Not Active,19480928,[],CHEMBL4480547,Inhibition of Influenza A virus (A/chicken/Hubei/327/2004(H5N1)) M2 V27A/S31N double mutant expressed in yeast cells after 46 to 48 hrs,B,P0DOF8,"V27A,S31N",BAO_0000188,BAO_0000219,cell-based format,O=[N+]([O-])c1ccc(S(=O)(=O)NCc2ccoc2)cc1,,,CHEMBL4480367,MedChemComm,2019,,CHEMBL4590782,,CHEMBL4590782,,False,,3257612,,1,False,,,EC50,,,,CHEMBL2052,Influenza A virus (A/Udorn/307/1972(H3N2)),Influenza virus A matrix protein M2,381517,,,EC50,,,,
Not Active,19480929,[],CHEMBL4480547,Inhibition of Influenza A virus (A/chicken/Hubei/327/2004(H5N1)) M2 V27A/S31N double mutant expressed in yeast cells after 46 to 48 hrs,B,P0DOF8,"V27A,S31N",BAO_0000188,BAO_0000219,cell-based format,Cc1cc(CNS(=O)(=O)c2ccc([N+](=O)[O-])cc2)c(C)s1,,,CHEMBL4480367,MedChemComm,2019,,CHEMBL4518980,,CHEMBL4518980,,False,,3257613,,1,False,,,EC50,,,,CHEMBL2052,Influenza A virus (A/Udorn/307/1972(H3N2)),Influenza virus A matrix protein M2,381517,,,EC50,,,,
Not Active,19480930,[],CHEMBL4480547,Inhibition of Influenza A virus (A/chicken/Hubei/327/2004(H5N1)) M2 V27A/S31N double mutant expressed in yeast cells after 46 to 48 hrs,B,P0DOF8,"V27A,S31N",BAO_0000188,BAO_0000219,cell-based format,Cc1cc(CNS(=O)(=O)c2ccc(C#N)cc2)c(C)s1,,,CHEMBL4480367,MedChemComm,2019,,CHEMBL4557613,,CHEMBL4557613,,False,,3257614,,1,False,,,EC50,,,,CHEMBL2052,Influenza A virus (A/Udorn/307/1972(H3N2)),Influenza virus A matrix protein M2,381517,,,EC50,,,,
Not Active,19480931,[],CHEMBL4480547,Inhibition of Influenza A virus (A/chicken/Hubei/327/2004(H5N1)) M2 V27A/S31N double mutant expressed in yeast cells after 46 to 48 hrs,B,P0DOF8,"V27A,S31N",BAO_0000188,BAO_0000219,cell-based format,Cc1cc(CNS(=O)(=O)c2ccc(F)cc2)c(C)s1,,,CHEMBL4480367,MedChemComm,2019,,CHEMBL4519600,,CHEMBL4519600,,False,,3257615,,1,False,,,EC50,,,,CHEMBL2052,Influenza A virus (A/Udorn/307/1972(H3N2)),Influenza virus A matrix protein M2,381517,,,EC50,,,,
Not Active,19480932,[],CHEMBL4480547,Inhibition of Influenza A virus (A/chicken/Hubei/327/2004(H5N1)) M2 V27A/S31N double mutant expressed in yeast cells after 46 to 48 hrs,B,P0DOF8,"V27A,S31N",BAO_0000188,BAO_0000219,cell-based format,Cc1cc(CNS(=O)(=O)c2ccc(Cl)cc2)c(C)s1,,,CHEMBL4480367,MedChemComm,2019,,CHEMBL4586535,,CHEMBL4586535,,False,,3257616,,1,False,,,EC50,,,,CHEMBL2052,Influenza A virus (A/Udorn/307/1972(H3N2)),Influenza virus A matrix protein M2,381517,,,EC50,,,,
Not Active,19480933,[],CHEMBL4480547,Inhibition of Influenza A virus (A/chicken/Hubei/327/2004(H5N1)) M2 V27A/S31N double mutant expressed in yeast cells after 46 to 48 hrs,B,P0DOF8,"V27A,S31N",BAO_0000188,BAO_0000219,cell-based format,Cc1cc(CNS(=O)(=O)c2ccc(Br)cc2)c(C)s1,,,CHEMBL4480367,MedChemComm,2019,,CHEMBL4527406,,CHEMBL4527406,,False,,3257617,,1,False,,,EC50,,,,CHEMBL2052,Influenza A virus (A/Udorn/307/1972(H3N2)),Influenza virus A matrix protein M2,381517,,,EC50,,,,
Not Active,19480934,[],CHEMBL4480547,Inhibition of Influenza A virus (A/chicken/Hubei/327/2004(H5N1)) M2 V27A/S31N double mutant expressed in yeast cells after 46 to 48 hrs,B,P0DOF8,"V27A,S31N",BAO_0000188,BAO_0000219,cell-based format,O=[N+]([O-])c1ccc(S(=O)(=O)NCc2ccsc2)cc1,,,CHEMBL4480367,MedChemComm,2019,,CHEMBL4544193,,CHEMBL4544193,,False,,3257618,,1,False,,,EC50,,,,CHEMBL2052,Influenza A virus (A/Udorn/307/1972(H3N2)),Influenza virus A matrix protein M2,381517,,,EC50,,,,
Not Active,19480935,[],CHEMBL4480547,Inhibition of Influenza A virus (A/chicken/Hubei/327/2004(H5N1)) M2 V27A/S31N double mutant expressed in yeast cells after 46 to 48 hrs,B,P0DOF8,"V27A,S31N",BAO_0000188,BAO_0000219,cell-based format,O=[N+]([O-])c1ccc(S(=O)(=O)NCc2cccs2)cc1,,,CHEMBL4480367,MedChemComm,2019,,CHEMBL4528685,,CHEMBL4528685,,False,,3257619,,1,False,,,EC50,,,,CHEMBL2052,Influenza A virus (A/Udorn/307/1972(H3N2)),Influenza virus A matrix protein M2,381517,,,EC50,,,,
Not Active,19480936,[],CHEMBL4480547,Inhibition of Influenza A virus (A/chicken/Hubei/327/2004(H5N1)) M2 V27A/S31N double mutant expressed in yeast cells after 46 to 48 hrs,B,P0DOF8,"V27A,S31N",BAO_0000188,BAO_0000219,cell-based format,O=[N+]([O-])c1ccc(S(=O)(=O)NCc2ccc(Cl)s2)cc1,,,CHEMBL4480367,MedChemComm,2019,,CHEMBL4540325,,CHEMBL4540325,,False,,3257620,,1,False,,,EC50,,,,CHEMBL2052,Influenza A virus (A/Udorn/307/1972(H3N2)),Influenza virus A matrix protein M2,381517,,,EC50,,,,
Not Active,19480937,[],CHEMBL4480547,Inhibition of Influenza A virus (A/chicken/Hubei/327/2004(H5N1)) M2 V27A/S31N double mutant expressed in yeast cells after 46 to 48 hrs,B,P0DOF8,"V27A,S31N",BAO_0000188,BAO_0000219,cell-based format,NC12CC3CC(CC(C3)C1)C2,,,CHEMBL4480367,MedChemComm,2019,,CHEMBL660,AMANTADINE,CHEMBL660,,False,,3257621,,1,False,,,EC50,,,,CHEMBL2052,Influenza A virus (A/Udorn/307/1972(H3N2)),Influenza virus A matrix protein M2,381517,,,EC50,,,,
Not Active,19480938,[],CHEMBL4480547,Inhibition of Influenza A virus (A/chicken/Hubei/327/2004(H5N1)) M2 V27A/S31N double mutant expressed in yeast cells after 46 to 48 hrs,B,P0DOF8,"V27A,S31N",BAO_0000188,BAO_0000219,cell-based format,CCOC(=O)C1=C[C@@H](OC(CC)CC)[C@H](NC(C)=O)[C@@H](N)C1.O=P(O)(O)O,,,CHEMBL4480367,MedChemComm,2019,,CHEMBL1200340,OSELTAMIVIR PHOSPHATE,CHEMBL1229,,False,,3257622,,1,False,,,EC50,,,,CHEMBL2052,Influenza A virus (A/Udorn/307/1972(H3N2)),Influenza virus A matrix protein M2,381517,,,EC50,,,,
Not Active,19480939,[],CHEMBL4480547,Inhibition of Influenza A virus (A/chicken/Hubei/327/2004(H5N1)) M2 V27A/S31N double mutant expressed in yeast cells after 46 to 48 hrs,B,P0DOF8,"V27A,S31N",BAO_0000188,BAO_0000219,cell-based format,O=[N+]([O-])c1ccc(S(=O)(=O)NCc2csc3ccccc23)cc1,,,CHEMBL4480367,MedChemComm,2019,,CHEMBL4534199,,CHEMBL4534199,,False,,3257623,,1,False,,,EC50,,,,CHEMBL2052,Influenza A virus (A/Udorn/307/1972(H3N2)),Influenza virus A matrix protein M2,381517,,,EC50,,,,
Not Active,19480940,[],CHEMBL4480547,Inhibition of Influenza A virus (A/chicken/Hubei/327/2004(H5N1)) M2 V27A/S31N double mutant expressed in yeast cells after 46 to 48 hrs,B,P0DOF8,"V27A,S31N",BAO_0000188,BAO_0000219,cell-based format,N#Cc1ccc(S(=O)(=O)NCc2csc3ccccc23)cc1,,,CHEMBL4480367,MedChemComm,2019,,CHEMBL4581693,,CHEMBL4581693,,False,,3257624,,1,False,,,EC50,,,,CHEMBL2052,Influenza A virus (A/Udorn/307/1972(H3N2)),Influenza virus A matrix protein M2,381517,,,EC50,,,,
Not Active,19480941,[],CHEMBL4480547,Inhibition of Influenza A virus (A/chicken/Hubei/327/2004(H5N1)) M2 V27A/S31N double mutant expressed in yeast cells after 46 to 48 hrs,B,P0DOF8,"V27A,S31N",BAO_0000188,BAO_0000219,cell-based format,O=S(=O)(NCc1csc2ccccc12)c1ccc(F)cc1,,,CHEMBL4480367,MedChemComm,2019,,CHEMBL4588491,,CHEMBL4588491,,False,,3257625,,1,False,,,EC50,,,,CHEMBL2052,Influenza A virus (A/Udorn/307/1972(H3N2)),Influenza virus A matrix protein M2,381517,,,EC50,,,,
Not Active,19480942,[],CHEMBL4480547,Inhibition of Influenza A virus (A/chicken/Hubei/327/2004(H5N1)) M2 V27A/S31N double mutant expressed in yeast cells after 46 to 48 hrs,B,P0DOF8,"V27A,S31N",BAO_0000188,BAO_0000219,cell-based format,O=S(=O)(NCc1csc2ccccc12)c1ccc(Cl)cc1,,,CHEMBL4480367,MedChemComm,2019,,CHEMBL4579348,,CHEMBL4579348,,False,,3257626,,1,False,,,EC50,,,,CHEMBL2052,Influenza A virus (A/Udorn/307/1972(H3N2)),Influenza virus A matrix protein M2,381517,,,EC50,,,,
Not Active,19480943,[],CHEMBL4480547,Inhibition of Influenza A virus (A/chicken/Hubei/327/2004(H5N1)) M2 V27A/S31N double mutant expressed in yeast cells after 46 to 48 hrs,B,P0DOF8,"V27A,S31N",BAO_0000188,BAO_0000219,cell-based format,O=S(=O)(NCc1csc2ccccc12)c1ccc(Br)cc1,,,CHEMBL4480367,MedChemComm,2019,,CHEMBL4527371,,CHEMBL4527371,,False,,3257627,,1,False,,,EC50,,,,CHEMBL2052,Influenza A virus (A/Udorn/307/1972(H3N2)),Influenza virus A matrix protein M2,381517,,,EC50,,,,
Not Active,19480944,[],CHEMBL4480547,Inhibition of Influenza A virus (A/chicken/Hubei/327/2004(H5N1)) M2 V27A/S31N double mutant expressed in yeast cells after 46 to 48 hrs,B,P0DOF8,"V27A,S31N",BAO_0000188,BAO_0000219,cell-based format,O=S(=O)(NCc1csc2ccccc12)c1ccc(C(F)(F)F)cc1,,,CHEMBL4480367,MedChemComm,2019,,CHEMBL4564406,,CHEMBL4564406,,False,,3257628,,1,False,,,EC50,,,,CHEMBL2052,Influenza A virus (A/Udorn/307/1972(H3N2)),Influenza virus A matrix protein M2,381517,,,EC50,,,,
Not Active,19480945,[],CHEMBL4480547,Inhibition of Influenza A virus (A/chicken/Hubei/327/2004(H5N1)) M2 V27A/S31N double mutant expressed in yeast cells after 46 to 48 hrs,B,P0DOF8,"V27A,S31N",BAO_0000188,BAO_0000219,cell-based format,Cc1ccc(S(=O)(=O)NCc2csc3ccccc23)cc1,,,CHEMBL4480367,MedChemComm,2019,,CHEMBL4567651,,CHEMBL4567651,,False,,3257629,,1,False,,,EC50,,,,CHEMBL2052,Influenza A virus (A/Udorn/307/1972(H3N2)),Influenza virus A matrix protein M2,381517,,,EC50,,,,
Not Active,19480946,[],CHEMBL4480547,Inhibition of Influenza A virus (A/chicken/Hubei/327/2004(H5N1)) M2 V27A/S31N double mutant expressed in yeast cells after 46 to 48 hrs,B,P0DOF8,"V27A,S31N",BAO_0000188,BAO_0000219,cell-based format,O=S(=O)(NCc1csc2ccccc12)c1ccccc1F,,,CHEMBL4480367,MedChemComm,2019,,CHEMBL4591526,,CHEMBL4591526,,False,,3257630,,1,False,,,EC50,,,,CHEMBL2052,Influenza A virus (A/Udorn/307/1972(H3N2)),Influenza virus A matrix protein M2,381517,,,EC50,,,,
Not Active,19480947,[],CHEMBL4480547,Inhibition of Influenza A virus (A/chicken/Hubei/327/2004(H5N1)) M2 V27A/S31N double mutant expressed in yeast cells after 46 to 48 hrs,B,P0DOF8,"V27A,S31N",BAO_0000188,BAO_0000219,cell-based format,O=S(=O)(NCc1csc2ccccc12)c1cccc(F)c1,,,CHEMBL4480367,MedChemComm,2019,,CHEMBL4546727,,CHEMBL4546727,,False,,3257631,,1,False,,,EC50,,,,CHEMBL2052,Influenza A virus (A/Udorn/307/1972(H3N2)),Influenza virus A matrix protein M2,381517,,,EC50,,,,
Not Active,19480948,[],CHEMBL4480547,Inhibition of Influenza A virus (A/chicken/Hubei/327/2004(H5N1)) M2 V27A/S31N double mutant expressed in yeast cells after 46 to 48 hrs,B,P0DOF8,"V27A,S31N",BAO_0000188,BAO_0000219,cell-based format,CC(=O)c1ccc(S(=O)(=O)NCc2csc3ccccc23)cc1,,,CHEMBL4480367,MedChemComm,2019,,CHEMBL4538304,,CHEMBL4538304,,False,,3257632,,1,False,,,EC50,,,,CHEMBL2052,Influenza A virus (A/Udorn/307/1972(H3N2)),Influenza virus A matrix protein M2,381517,,,EC50,,,,
Not Active,19480949,[],CHEMBL4480547,Inhibition of Influenza A virus (A/chicken/Hubei/327/2004(H5N1)) M2 V27A/S31N double mutant expressed in yeast cells after 46 to 48 hrs,B,P0DOF8,"V27A,S31N",BAO_0000188,BAO_0000219,cell-based format,O=[N+]([O-])c1ccc(S(=O)(=O)NCc2cc3ccccc3s2)cc1,,,CHEMBL4480367,MedChemComm,2019,,CHEMBL4514902,,CHEMBL4514902,,False,,3257633,,1,False,,,EC50,,,,CHEMBL2052,Influenza A virus (A/Udorn/307/1972(H3N2)),Influenza virus A matrix protein M2,381517,,,EC50,,,,
Not Active,19480950,[],CHEMBL4480547,Inhibition of Influenza A virus (A/chicken/Hubei/327/2004(H5N1)) M2 V27A/S31N double mutant expressed in yeast cells after 46 to 48 hrs,B,P0DOF8,"V27A,S31N",BAO_0000188,BAO_0000219,cell-based format,N#Cc1ccc(S(=O)(=O)NCc2cc3ccccc3s2)cc1,,,CHEMBL4480367,MedChemComm,2019,,CHEMBL4539682,,CHEMBL4539682,,False,,3257634,,1,False,,,EC50,,,,CHEMBL2052,Influenza A virus (A/Udorn/307/1972(H3N2)),Influenza virus A matrix protein M2,381517,,,EC50,,,,
Not Active,19480951,[],CHEMBL4480547,Inhibition of Influenza A virus (A/chicken/Hubei/327/2004(H5N1)) M2 V27A/S31N double mutant expressed in yeast cells after 46 to 48 hrs,B,P0DOF8,"V27A,S31N",BAO_0000188,BAO_0000219,cell-based format,O=S(=O)(NCc1cc2ccccc2s1)c1ccc(F)cc1,,,CHEMBL4480367,MedChemComm,2019,,CHEMBL4551543,,CHEMBL4551543,,False,,3257635,,1,False,,,EC50,,,,CHEMBL2052,Influenza A virus (A/Udorn/307/1972(H3N2)),Influenza virus A matrix protein M2,381517,,,EC50,,,,
Not Active,19480952,[],CHEMBL4480547,Inhibition of Influenza A virus (A/chicken/Hubei/327/2004(H5N1)) M2 V27A/S31N double mutant expressed in yeast cells after 46 to 48 hrs,B,P0DOF8,"V27A,S31N",BAO_0000188,BAO_0000219,cell-based format,O=S(=O)(NCc1cc2ccccc2s1)c1ccc(Cl)cc1,,,CHEMBL4480367,MedChemComm,2019,,CHEMBL4518870,,CHEMBL4518870,,False,,3257636,,1,False,,,EC50,,,,CHEMBL2052,Influenza A virus (A/Udorn/307/1972(H3N2)),Influenza virus A matrix protein M2,381517,,,EC50,,,,
Not Active,19480953,[],CHEMBL4480547,Inhibition of Influenza A virus (A/chicken/Hubei/327/2004(H5N1)) M2 V27A/S31N double mutant expressed in yeast cells after 46 to 48 hrs,B,P0DOF8,"V27A,S31N",BAO_0000188,BAO_0000219,cell-based format,O=S(=O)(NCc1cc2ccccc2s1)c1ccc(Br)cc1,,,CHEMBL4480367,MedChemComm,2019,,CHEMBL4543160,,CHEMBL4543160,,False,,3257637,,1,False,,,EC50,,,,CHEMBL2052,Influenza A virus (A/Udorn/307/1972(H3N2)),Influenza virus A matrix protein M2,381517,,,EC50,,,,
Not Active,19480954,[],CHEMBL4480547,Inhibition of Influenza A virus (A/chicken/Hubei/327/2004(H5N1)) M2 V27A/S31N double mutant expressed in yeast cells after 46 to 48 hrs,B,P0DOF8,"V27A,S31N",BAO_0000188,BAO_0000219,cell-based format,O=S(=O)(NCc1cc2ccccc2s1)c1ccc(C(F)(F)F)cc1,,,CHEMBL4480367,MedChemComm,2019,,CHEMBL4559127,,CHEMBL4559127,,False,,3257638,,1,False,,,EC50,,,,CHEMBL2052,Influenza A virus (A/Udorn/307/1972(H3N2)),Influenza virus A matrix protein M2,381517,,,EC50,,,,
Not Active,19480955,[],CHEMBL4480547,Inhibition of Influenza A virus (A/chicken/Hubei/327/2004(H5N1)) M2 V27A/S31N double mutant expressed in yeast cells after 46 to 48 hrs,B,P0DOF8,"V27A,S31N",BAO_0000188,BAO_0000219,cell-based format,Cc1ccc(S(=O)(=O)NCc2cc3ccccc3s2)cc1,,,CHEMBL4480367,MedChemComm,2019,,CHEMBL4537555,,CHEMBL4537555,,False,,3257639,,1,False,,,EC50,,,,CHEMBL2052,Influenza A virus (A/Udorn/307/1972(H3N2)),Influenza virus A matrix protein M2,381517,,,EC50,,,,
Not Active,19480956,[],CHEMBL4480547,Inhibition of Influenza A virus (A/chicken/Hubei/327/2004(H5N1)) M2 V27A/S31N double mutant expressed in yeast cells after 46 to 48 hrs,B,P0DOF8,"V27A,S31N",BAO_0000188,BAO_0000219,cell-based format,O=S(=O)(NCc1cc2ccccc2s1)c1ccccc1F,,,CHEMBL4480367,MedChemComm,2019,,CHEMBL4515951,,CHEMBL4515951,,False,,3257640,,1,False,,,EC50,,,,CHEMBL2052,Influenza A virus (A/Udorn/307/1972(H3N2)),Influenza virus A matrix protein M2,381517,,,EC50,,,,
Not Active,19480957,[],CHEMBL4480547,Inhibition of Influenza A virus (A/chicken/Hubei/327/2004(H5N1)) M2 V27A/S31N double mutant expressed in yeast cells after 46 to 48 hrs,B,P0DOF8,"V27A,S31N",BAO_0000188,BAO_0000219,cell-based format,O=S(=O)(NCc1cc2ccccc2s1)c1cccc(F)c1,,,CHEMBL4480367,MedChemComm,2019,,CHEMBL4543323,,CHEMBL4543323,,False,,3257641,,1,False,,,EC50,,,,CHEMBL2052,Influenza A virus (A/Udorn/307/1972(H3N2)),Influenza virus A matrix protein M2,381517,,,EC50,,,,
